{
  "Name": "56K Crunch",
  "Version": "1.0.0",
  "Factory Info": {
    "Vendor": "jennyrave",
    "URL": "",
    "E-Mail": "",
    "Flags": {
      "Unicode": true,
      "Classes Discardable": false,
      "Component Non Discardable": false,
    },
  },
  "Classes": [
    {
      "CID": "ABCDEF019182FAEB4D616E7542786661",
      "Category": "Audio Module Class",
      "Name": "56K Crunch",
      "Vendor": "jennyrave",
      "Version": "1.0.0",
      "SDKVersion": "VST 3.8.0",
      "Sub Categories": [
        "Fx",
      ],
      "Class Flags": 0,
      "Cardinality": 2147483647,
      "Snapshots": [
      ],
    },
    {
      "CID": "ABCDEF011234ABCD4D616E7542786661",
      "Category": "Component Controller Class",
      "Name": "56K Crunch",
      "Vendor": "jennyrave",
      "Version": "1.0.0",
      "SDKVersion": "VST 3.8.0",
      "Sub Categories": [
        "Fx",
      ],
      "Class Flags": 0,
      "Cardinality": 2147483647,
      "Snapshots": [
      ],
    },
  ],
}
